"AUC"	"AUPR"
"STRING-network"	0.646876977042182	0.0203740479518434
"Non-Specific-Chip"	0.571781992035156	0.0050013835880757
"mHSC-L-Chip"	0.557306358095729	0.0148222057686002
"comprehensive"	0.570245919034583	0.0233687866598557
