"AUC"	"AUPR"
"STRING-network"	0.596176025176218	0.0117568059050073
"Non-Specific-Chip"	0.572726029075491	0.00644835249608551
"mHSC-GM-Chip"	0.394898362146072	0.00625515705236753
"comprehensive"	0.453825967287531	0.0125337264489034
