"AUC"	"AUPR"
"STRING-network"	0.562957516142731	0.00476009615987686
"Non-Specific-Chip"	0.519071646795454	0.00282317182680748
"mHSC-E-Chip"	0.41608770910194	0.00531997699163758
"comprehensive"	0.458145221184357	0.00891725957121065
